station_id,station_name,coord0_latitude,coord0_longitude,coord1_latitude,coord1_longitude,distance_meters
466940,基隆,25.135104,121.732242,25.133314,121.740475,852.3535327340858
466900,淡水,25.166664,121.440672,25.164889,121.448906,851.8549637500413
466881,新北,24.96099,121.516977,24.959207,121.525196,851.9449506898595
466930,陽明山,25.163858,121.536313,25.162078,121.544547,852.0025140368645
466910,鞍部,25.184365,121.521495,25.182586,121.529731,852.0368583919773
467571,新竹,24.830335,121.006343,24.828575,121.01445,841.2105906234424
467490,臺中,24.147494,120.675919,24.145736,120.684075,850.3286300722704
C0FA30,梧棲,24.257753,120.515211,24.256003,120.523381,850.8097052593774
467350,澎湖,23.56722,119.554987,23.565503,119.563094,848.0454688623612
467650,日月潭,23.883099,120.899911,23.881325,120.90805,850.7148102685378
467530,阿里山,23.509984,120.805129,23.508208,120.813242,850.4915132534595
467550,玉山,23.488964,120.951318,23.48718,120.95943,850.7276866208542
467480,嘉義,23.497684,120.424796,23.495925,120.432906,849.831967311769
467410,臺南,22.995039,120.196846,22.99328,120.20492,849.2844544348991
467441,高雄,22.732201,120.304459,22.730432,120.312516,849.401804992127
467590,恆春,22.0057,120.738326,22.003897,120.746339,850.0782318207665
467080,宜蘭,24.765773,121.748322,24.763975,121.756528,852.3313916492675
466990,花蓮,23.976933,121.605126,23.975128,121.613275,851.9239474032203
467610,成功,23.099296,121.36534,23.097486,121.373428,851.378463227509
467660,臺東,22.754017,121.146522,22.752211,121.154586,850.9334597912863
467540,大武,22.357523,120.895703,22.35572,120.90374,850.4694376715431
467620,蘭嶼,22.038737,121.55041,22.0369,121.55843,851.4913023401576
466950,彭佳嶼,25.629774,122.071474,25.627975,122.079744,852.9003669290942
467300,東吉島,23.258999,119.659533,23.25727,119.66762,848.2336202070499
469020,南沙島,10.372116,114.356938,10.370203,114.364286,831.3855402414305
468100,東沙島,20.70252,116.722116,20.700856,116.73,840.6738624278628
467420,永康,23.040146,120.228623,23.038386,120.2367,849.3398683337181
C2W030,金門(東),24.450074,118.443627,24.448431,118.451786,845.8521584640619
466920,臺北,25.039439,121.506628,25.037658,121.514853,851.9667990717644
A0G720,彰師大,24.08314,120.548508,24.081389,120.556667,850.8515896954528
A0Z080,合歡山,24.144972,121.276071,24.143186,121.284231,851.4604119168094
A0W080,吉貝,23.741712,119.596041,23.740011,119.604189,850.6412254479933
467110,金門,24.408942,118.281127,24.407306,118.289281,845.4529743874945
467990,馬祖,26.171145,119.914855,26.169467,119.923158,849.3552343745628
A0K420,麥寮,23.800517,120.209572,23.798783,120.217717,850.8024079778588
467050,新屋,25.008484,121.039271,25.006725,121.047492,851.2125265262963
A2K570,古坑(花卉中心),23.6353,120.54428,23.63353,120.55239,849.2719439367587
CAAH60,大安森林,25.031331,121.528056,25.02955,121.53628,851.9220740073075
CAHA00,消防署訓練中心,23.82313,120.7148,23.82137,120.72293,849.8369990777032
467270,田中,23.875561,120.573149,23.873803,120.581286,850.1529804794867
CAC040,拉拉山,24.7011,121.418933,24.699317,121.427133,851.7712431903875
CAW010,東引,26.360539,120.475308,26.358836,120.483631,850.5963526563136
CAP070,高雄燈塔,22.616364,120.256631,22.614594,120.26468,849.3079574132665
A0F010,武陵,24.354609,121.300112,24.352825,121.308286,851.4617910816111
467280,後龍,24.650318,120.823641,24.648563,120.831834,850.6916391029397
467290,古坑,23.635401,120.543769,23.633639,120.551889,850.056810406445
C2C410,中央大學,24.969417,121.176946,24.967652,121.185165,851.4261302629724
A0A460,文化大學,25.137855,121.531657,25.13605,121.53987,850.7698748783964
A0A010,臺灣大學,25.01606,121.531193,25.014278,121.539416,851.9501979839233
72S200,班鳩分場,22.831307,121.069619,22.829528,121.077694,850.8705420238836
72S590,賓朗果園,22.815668,121.063204,22.813889,121.071278,850.8633130176507
82S580,臺東茶改,22.909476,121.12206,22.907694,121.130139,850.8836106071269
U2H480,臺大溪頭,23.672071,120.790065,23.670306,120.798194,850.8000058001955
72G600,臺中農改,24.004779,120.526236,24.003028,120.534389,850.7504047582117
72K220,雲林分場,23.636304,120.469202,23.634556,120.477333,850.7846295333679
72N100,臺南農改,23.062242,120.334096,23.0605,120.342194,850.8407602161251
72V140,旗南農改,22.859612,120.508583,22.857861,120.516667,850.8820492900629
72Q010,高雄農改,22.711084,120.517814,22.709333,120.525889,850.8618489091247
B2E890,新竹畜試,24.529569,120.762788,24.527806,120.770972,850.7876331330388
72C440,桃園農改,24.952721,121.022375,24.950944,121.030583,850.7653546401783
72D080,五峰站,24.613978,121.148983,24.612194,121.157167,850.7866671671627
82C160,茶改場,24.910258,121.17713,24.908472,121.185333,850.7852875010102
A2C560,農工中心,24.987706,121.231626,24.985917,121.239833,850.7495626876637
82A750,文山茶改,24.957588,121.623022,24.955778,121.631222,850.8097694495158
72U480,蘭陽分場,24.688121,121.708402,24.686306,121.716583,850.8254889528795
K2E360,苗栗農改,24.497488,120.82093,24.495722,120.829111,850.7749032310336
K2E710,大湖分場,24.42463,120.863657,24.422861,120.871833,850.825458954687
K2F750,種苗繁殖,24.227737,120.792753,24.225972,120.800917,850.7909095698001
82H840,凍頂茶改,23.76429,120.732364,23.762528,120.7405,850.846884279099
82H320,魚池茶改,23.877382,120.905442,23.875611,120.913583,850.8709105737298
U2HA50,臺大竹山,23.758731,120.67342,23.756972,120.681556,850.8045404802835
G2L020,嘉義農試,23.486776,120.465684,23.485028,120.473806,850.8092681965386
72M360,義竹分場,23.362432,120.271244,23.360694,120.279361,850.8176206277585
B2N890,畜試所,23.060713,120.328308,23.058972,120.336406,850.824615161494
G2P820,鳳山農試,22.648354,120.34801,22.646611,120.356083,850.8279306701914
B2Q810,恆春畜試,21.947348,120.794139,21.945583,120.802167,850.9271723324283
72T250,花蓮農改,23.977028,121.555752,23.975222,121.563889,850.764757091993
E2H360,蓮華池,23.920106,120.877136,23.918333,120.885278,850.7552827050006
72HA00,埔里分場,23.904982,120.955222,23.903208,120.963364,850.8752860666045
U2HA30,臺大和社,23.592633,120.880744,23.590856,120.888864,850.7054155660742
U2HA40,臺大內茅埔,23.691497,120.842992,23.689722,120.851117,850.5413059945959
G2M350,溪口農場,23.587406,120.399994,23.58565,120.408111,849.9005508189321
E2K600,四湖植物園,23.678718,120.155296,23.676986,120.163433,850.7134441647435
G2F820,農業試驗所,24.033022,120.679986,24.031261,120.688133,850.2356262726892
72M700,嘉義分場,23.418608,120.274941,23.416869,120.283061,850.7988770685364
72N240,七股研究中心,23.083472,120.054792,23.081672,120.062894,852.6029516858747
42HA10,萬大發電廠,23.980611,121.131497,23.978875,121.139639,849.4332425196123
12Q970,東港工作站,22.481778,120.458017,22.479997,120.466058,849.5769113089978
12J990,口湖工作站,23.591722,120.172281,23.589978,120.180394,849.1716199206334
12Q980,恆春工作站,22.081478,120.706406,22.079678,120.714425,850.1706428457585
V2K610,大庄合作社,23.80855,120.359808,23.8068,120.367939,849.7710419026952
V2K620,麥寮合作社,23.755583,120.286657,23.753836,120.294783,849.527425389351
E2S980,太麻里(1),22.600724,120.971991,22.598922,120.980044,850.6300080826259
E2S960,太麻里(2),22.599802,120.9897,22.598,120.99775,850.3360871805266
72AI40,桃改臺北,24.946279,121.378755,24.944503,121.386972,851.6642731696328
E2HA20,畢祿溪站,24.22873,121.300362,24.226944,121.308522,850.9319781422373
A2N290,蘭花園區,23.342018,120.371562,23.340258,120.379661,849.712317369599
B2U990,宜蘭畜試,24.670842,121.824362,24.669039,121.832561,852.3889394754509
A2K630,雲林臺大,23.732381,120.415777,23.730628,120.423903,849.8236483341153
E2P980,六龜林試,22.993482,120.637645,22.991703,120.645722,850.1073586682229
E2P990,扇平林試,22.969481,120.677627,22.9677,120.685703,850.2024213572362
A2K360,臺西水試,23.718974,120.182399,23.717231,120.190522,849.3547286502572
V2C250,八德合作社,24.939471,121.258178,24.93775,121.266389,849.7219751004961
V2C260,八德蔬果,24.980279,121.27356,24.978508,121.281819,855.431979551992
72D680,新埔工作站,24.836,121.058,24.834444,121.066111,836.5820204294804
G2AI50,台農院關渡站,25.117528,121.483769,25.11575,121.492,851.9630089225578
CAH030,茶改場竹圍站,23.861844,120.629392,23.86008,120.6375,847.5226859641075
CAN130,水試所海水繁養殖中心,23.122553,120.071594,23.120802,120.079676,849.1145971336782
CAL110,布袋國中,23.360676,120.17216,23.35893,120.18026,849.3413028319665
CAG100,王功漁港,23.969984,120.317718,23.96824,120.32586,849.7022930275015
CAJ050,海口故事園區,23.577174,120.133097,23.57543,120.14121,849.2608419230892
CAN140,六官養殖協會,23.230568,120.29153,23.22881,120.29962,849.4400784907455
CAQ030,崎峰國小,22.427434,120.487171,22.42565,120.49521,849.7698048630458
C2M960,外寮,23.564411,120.657572,23.562643,120.665688,850.2499235787914
C2M970,碧湖,23.570397,120.616047,23.568632,120.624165,850.3344999858178
C2R170,屏東,22.662048,120.485974,22.660269,120.494027,849.67248202215
C2V310,美濃,22.900567,120.511,22.898792,120.51907,849.8588403459024
C2M980,安和,23.515523,120.30782,23.51377,120.31593,849.5696487197705
C2M990,大巃頂,23.556466,120.606275,23.5547,120.61439,850.148017650507
C2N170,茅港尾,23.207857,120.254311,23.2061,120.2624,849.4518399902537
C2R980,竹田國中,22.617101,120.516069,22.61532,120.52412,849.7875994675474
C2R990,泰武,22.608649,120.689598,22.60686,120.69765,850.1445365225745
C2TA60,六十石,23.226575,121.310513,23.22477,121.31861,851.3772533586217
C2TA70,赤科坪,23.400655,121.383571,23.39885,121.39168,851.51528098001
C2UC10,出水溪,24.617617,121.644058,24.615822,121.652253,852.1303295758812
C2UC20,長嶺,24.710732,121.603419,24.70894,121.61162,852.0406920490947
C2E980,和興,24.507081,120.914833,24.505319,120.923016,850.807789379897
C2E990,新坪頂,24.303773,120.849231,24.30201,120.8574,850.7509383667624
C2H9Y0,松茗,23.818463,120.642632,23.8167,120.650765,850.2397769128565
C2RA10,大新,22.677362,120.569824,22.67558,120.57788,849.959831918123
C2TA90,加納納,23.468223,121.351754,23.466421,121.359867,851.422241395248
C2TB30,吉安,23.947182,121.539883,23.94538,121.54803,851.8335847764882
C2K290,崙內,23.697001,120.347887,23.69525,120.35601,849.6937472509354
C2K300,鹿南,23.640303,120.355481,23.63855,120.3636,849.6973865423971
C2K250,崙背,23.757278,120.310803,23.75553,120.31893,849.6414533797642
C2K280,四湖,23.632147,120.219053,23.6304,120.22717,849.396378275168
C2X060,下營,23.228563,120.248201,23.226806,120.256291,849.4265757971718
C2S9B0,利吉,22.864264,121.146788,22.86246,121.15486,851.0275851216361
C2S9A0,北份子寮,22.787412,121.070064,22.78561,121.07813,850.831272968497
C2SD50,順那,23.043467,121.285235,23.04166,121.29332,851.3350568168992
C2SD70,二層坪,22.942853,121.160303,22.94105,121.16838,851.0333347656848
C2SD60,明峰,22.868903,121.110178,22.8671,121.11825,850.9739356471288
C2SD80,再來山,23.345518,121.433115,23.34371,121.44122,851.5316448664008
C2TB80,庄子底,23.719744,121.486249,23.71794,121.49438,851.7150663377962
C2TB90,長橋,23.689203,121.453731,23.6874,121.46186,851.6792483356088
C2TB50,麻汝,23.427345,121.38547,23.42554,121.39358,851.4522367673129
C2TB70,達谷寮,23.381804,121.351573,23.38,121.35968,851.4051506797545
C2TB60,南安,23.299981,121.253469,23.29818,121.26157,851.2267601457421
C2H9X0,福盛,23.8953,120.83263,23.89353,120.84077,850.6347546403166
C2G9C0,埔南,23.992991,120.461546,23.99124,120.46969,849.9342448661537
C2G9E0,移民庄,23.980148,120.394687,23.9784,120.40283,849.8393033722402
C2K310,港尾布雞,23.750092,120.376263,23.74834,120.38439,849.7877628507551
C2M9A0,大華,23.484171,120.6668,23.4824,120.67491,850.2225677200478
C2M9D0,何竹子腳,23.538166,120.373918,23.53641,120.38203,849.7062398028869
C2M9C0,紫雲,23.496678,120.532142,23.494914,120.540253,850.0654806325723
C2M9E0,旺來山,23.556913,120.478349,23.555153,120.486463,849.8922133350159
C2M9B0,西興,23.244571,120.568077,23.2428,120.57617,849.9877319185982
C2N190,烏樹,23.32569,120.361793,23.32393,120.36989,849.6125089294069
C2N180,鹿陶洋,23.145019,120.475434,23.14325,120.48352,849.8390308655913
C2V920,匏子寮,23.050824,120.54511,23.04905,120.55319,849.9347980523248
C2V580,瑞山,22.904811,120.42617,22.90304,120.43424,849.730480820273
C2R9A0,高士國小,22.127335,120.838508,22.12553,120.84653,850.3410584725511
C2M530,奮起湖,23.495674,120.691142,23.493903,120.699253,850.2515724268794
C2M810,里佳,23.390899,120.708543,23.389125,120.716647,850.2722212372372
C2C590,觀音,25.028835,121.145094,25.027072,121.153317,851.3773219475578
C2E420,竹南,24.710737,120.880772,24.70898,120.88897,850.8438525830535
C2E430,南庄,24.603539,120.992023,24.601775,121.000214,851.0266330902558
C2W230,畜試所澎湖,23.630055,119.505094,23.628342,119.513206,848.0561380394416
C2E880,三義,24.407236,120.741644,24.405478,120.749819,850.555954328398
C2FA00,烏石坑,24.275269,120.939447,24.273503,120.947617,851.1073682789053
C2F9A0,中竹林,24.105556,120.743333,24.103556,120.751061,815.301651296694
C2G840,北斗,23.879222,120.506528,23.877586,120.514222,803.1793390951543
C2H950,中寮,23.886278,120.758528,23.884447,120.766406,826.4435819685158
C2I090,鳳凰,23.729722,120.779167,23.728081,120.787347,852.4386460816788
C2F860,梨山,24.245,121.237667,24.247522,121.243669,670.0309603183292
C2K240,草嶺,23.597319,120.685342,23.59555,120.693461,850.3713226198328
C2E520,大湖,24.4167,120.862694,24.414939,120.870872,850.8679019804295
C2F000,大肚,24.154667,120.564,24.15295,120.572117,845.3915843811113
C2E540,龍溪,24.608056,120.775556,24.606489,120.783933,864.6260953361049
C2F930,大甲,24.349917,120.632361,24.347667,120.640403,852.2419410886343
C2G870,芳苑,23.924,120.311861,23.922303,120.320025,850.992506601563
C2G640,鹿港,24.076944,120.422222,24.0753,120.430481,858.1631896533768
C2M910,嘉義大學,23.473087,120.477795,23.471325,120.485903,849.8604402634818
C2O950,安南,23.078333,120.136667,23.076694,120.144861,857.8032968458464
C2M410,馬頭山,23.326389,120.573611,23.324361,120.582017,887.4422434020911
C2O810,曾文,23.221472,120.489222,23.219681,120.497328,851.9364873754083
C2O930,玉井,23.127833,120.452472,23.126042,120.46055,849.7163566690426
C2V260,月眉,22.972778,120.531778,22.971003,120.539853,849.928052836792
C2V250,甲仙,23.081667,120.5825,23.080106,120.591758,962.814719857882
C2N160,西拉雅風管處,23.191241,120.327209,23.189481,120.335297,849.5291613674731
C2A920,富貴角,25.265556,121.557278,25.263783,121.565258,826.3223814124506
C2A880,福隆,25.019167,121.934167,25.017842,121.942083,811.1234375442288
C2A540,四堵,24.894394,121.737519,24.8926,121.745736,852.4696015402995
C2A560,福山,24.778333,121.494583,24.776203,121.502811,863.7946551177062
C2D720,關西工作站,24.759045,121.176589,24.757275,121.184792,851.355306286498
C2D730,寶山農場,24.734205,120.967953,24.732444,120.976153,850.9907151207202
C2H9K0,屯原,24.069754,121.201235,24.067969,121.209389,851.3152111573469
C2G980,田頭村,23.828053,120.436042,23.8263,120.444175,849.924547585878
C2K610,草嶺石壁,23.604239,120.699612,23.602469,120.707731,850.3545865305443
C2F990,摩天嶺,24.324225,120.928649,24.322458,120.936819,850.8222481580865
C2M920,朴子農改,23.47164,120.251277,23.469889,120.259383,849.3895252992338
C2M620,瑞里,23.546903,120.667039,23.545133,120.675197,854.5742757240645
C2A660,瑞芳,25.114861,121.792639,25.113169,121.801147,877.0310665432386
C2A650,火燒寮,25.004411,121.734572,25.002719,121.742892,859.289902490072
C2H9W0,大坪頂農水,24.044894,120.92463,24.043122,120.932781,850.8389508971972
C2K620,馬光農場,23.723205,120.370739,23.721453,120.378864,849.7557353030827
C2FB50,出雲,24.208236,120.894632,24.206469,120.902794,850.7682061059776
C2FB60,頭櫃山,24.131608,120.850769,24.129842,120.858925,850.6336482351443
C2H9D0,三隻寮,24.094845,120.853424,24.093078,120.861578,850.6930978846588
C2H9E0,國姓南港,23.912878,120.838415,23.911108,120.846556,850.624183530797
C2H9F0,柑林,24.020426,120.838924,24.018658,120.847072,850.592953817188
C2H9G0,百勝,24.052912,120.90121,24.051142,120.909361,850.7371873689581
C2M930,石卓,23.480516,120.694154,23.478744,120.702264,850.2706301486687
C2M940,日野賀,23.435829,120.719062,23.434056,120.727169,850.2710254668899
C2M950,太和,23.540143,120.694847,23.538372,120.702961,850.2773650976786
C2K630,荷苞,23.65948,120.587023,23.657717,120.595144,850.033459810659
C2H9H0,苗改南投蜂場,23.854353,120.685345,23.852589,120.693481,850.3395387314201
C2G9A0,畜試所彰化,23.862208,120.549828,23.86045,120.557964,850.1370509638708
C2E970,八甲,24.537566,120.787798,24.535811,120.795983,850.6302010159695
C2H9J0,中台,24.001373,120.930591,23.9996,120.938739,850.8408958560713
C2H9L0,馬烈霸,24.152982,121.193613,24.1512,121.201772,851.2076263140452
C2H9M0,發祥,24.155875,121.156357,24.154094,121.164517,851.2621905123049
C2H9N0,仁愛東眼,24.028656,121.112349,24.026875,121.1205,851.1730435607067
C2H9P0,伊拿谷,23.964991,121.080118,23.963211,121.088264,851.0513869466806
C2H9Q0,北東眼山,24.122721,121.181145,24.120939,121.189303,851.2994852988722
C2H9R0,卓社,23.889672,120.991946,23.887894,121.000086,850.8760643197301
C2H9S0,龍南,23.955305,120.825039,23.953536,120.833183,850.6304898126621
C2R970,屏科大,22.65006,120.611193,22.648275,120.619247,849.9980273752215
C2H9T0,名間竹圍,23.861675,120.629436,23.859914,120.637572,850.2171399166594
C2H9U0,鳳鵬,23.76569,120.779931,23.763919,120.788061,850.4752315629023
CAF010,國一N174K,24.206657,120.647035,24.2049,120.6552,850.8181661047718
CAG010,國一N198K,24.065639,120.514899,24.063889,120.523056,850.7385117983202
CAJ020,國一N234K,23.748078,120.459788,23.74633,120.467926,850.7882845450864
CAL010,國一N250K,23.612038,120.428737,23.610292,120.436867,850.7840405074295
CAD010,國一S105K,24.728088,120.932448,24.726316,120.940643,850.8213720368419
CAE020,國一S114K,24.670593,120.877616,24.668836,120.885811,850.8084703363643
CAE030,國一S123K,24.597708,120.852523,24.59594,120.86071,850.7733326214527
CAE040,國一S132K,24.526272,120.812648,24.524506,120.820831,850.7872885825525
CAE050,國一S152K,24.377254,120.74101,24.375492,120.749184,850.7508979357073
CAF020,國一S162K,24.297293,120.687806,24.295534,120.695976,850.7883200569785
CAF030,國一S169K,24.238875,120.680105,24.237116,120.688271,850.7640995138964
CAF040,國一S188K,24.120299,120.577587,24.118546,120.585747,850.7674272555739
CAG030,國一S207K,23.990053,120.499939,23.988304,120.508092,850.7917795098317
CAE060,國三N119K,24.677199,120.839196,24.675432,120.847389,850.8252328199859
CAE070,國三N151K,24.441976,120.673477,24.440218,120.681656,850.7282428789246
CAG040,國三N191K,24.141006,120.513338,24.139256,120.5215,850.75810925882
CAG050,國三N196K,24.108907,120.546322,24.107155,120.554482,850.813701104685
CAF050,國三N208K,24.067905,120.652763,24.066147,120.660919,850.8293989015417
CAE560,國一S144K,24.438818,120.770016,24.437042,120.778219,853.5741016445659
CAF950,國一N158K,24.334121,120.708967,24.332372,120.717144,850.9897162010583
CAF960,國三S175K,24.253246,120.58152,24.251494,120.589683,850.198374035239
CAF980,國三N183K,24.19538,120.562148,24.193628,120.570311,850.5644972537386
CAH010,國三N223K,23.956874,120.654227,23.955116,120.662376,850.8331252945121
CAJ010,國三N252K,23.775877,120.632472,23.77412,120.64061,850.8453239522504
CAE080,國三S140K,24.524106,120.716822,24.522345,120.725006,850.7714623618593
CAE090,國三S156K,24.399738,120.66131,24.39798,120.669487,850.8008954871004
CAF060,國三S168K,24.310274,120.606299,24.308519,120.614471,850.8009828567704
CAG060,國三S202K,24.094222,120.595098,24.092468,120.603256,850.7594800034085
CAH020,國三S217K,24.008587,120.645062,24.00683,120.653214,850.7806406607475
CAF090,國四E5K,24.298221,120.634964,24.296465,120.643135,850.8044304877523
CAA090,國三甲005K,25.003726,121.589277,25.00194,121.5975,852.1346910029938
CAC020,國二E009K,25.020014,121.265475,25.018244,121.273697,851.5168064191149
CAB050,國三N002K,25.147619,121.713466,25.14583,121.7217,852.342840426371
CAB030,國三S004K,25.116228,121.680369,25.11444,121.6886,852.2303364278006
CAB040,國三S007K,25.098727,121.65957,25.09694,121.6678,852.2218279216245
CAA030,國三S010K,25.081787,121.639272,25.08,121.6475,852.1375257620441
CAA040,國三S016K,25.034846,121.607575,25.03306,121.6158,852.126394804463
CAA050,國三S037K,24.984141,121.462821,24.982361,121.471042,851.9118059076441
CAA060,國三S042K,24.961778,121.422381,24.96,121.4306,851.8105625419932
CAA070,國三N046K,24.952607,121.387582,24.95083,121.3958,851.7467291966344
CAA990,國一N039K,25.066207,121.373771,25.064433,121.381972,849.2587423808312
CAC760,國一高架N063K,24.952048,121.188097,24.950281,121.196314,851.3949895001068
CAD710,國三N077K,24.799064,121.181827,24.797294,121.190033,851.3901526951112
CAC770,國三N072K,24.838161,121.191163,24.836391,121.199371,851.3322420900603
CAAD60,國五S005K,24.998202,121.643708,24.996414,121.651931,852.2227821312883
CAAD70,國五S006K,24.991753,121.64875,24.989964,121.656972,852.1930164396209
CAAD80,國五N008K,24.985201,121.659868,24.982411,121.668089,884.7698222535296
CAAD90,國五N013K,24.949395,121.697289,24.947603,121.705508,852.2542936605319
CAUB30,國五S031K,24.820942,121.774168,24.819144,121.782378,852.3656796506447
CAUB40,國五S041K,24.736563,121.773719,24.734764,121.781922,852.2522856722203
CAUB50,國五S047K,24.677257,121.786384,24.675456,121.794583,852.2952359967104
CAA080,國三S054K,24.940943,121.315683,24.93917,121.3239,851.6218837632354
CAC030,國三N063K,24.891285,121.255387,24.889514,121.2636,851.502454295137
CAD080,國三N085K,24.785096,121.112895,24.78333,121.1211,851.2799592323811
CAD090,國三S103K,24.76037,120.952631,24.75861,120.9608,847.7495724938407
CAB010,國一S001K,25.11762,121.720369,25.11583,121.7286,852.2730747480673
CAB020,國一S006K,25.088729,121.678671,25.08694,121.6869,852.2416431326288
CAA010,國一N013K,25.068524,121.619925,25.066739,121.628153,852.1729735689499
CAA020,國一S026K,25.078169,121.488172,25.07639,121.4964,851.9543254354857
CAC010,國一S072K,24.897595,121.125987,24.89583,121.1342,851.3071905341482
CAD020,國一N077K,24.886763,121.080688,24.885,121.0889,851.228498802464
CAD030,國一S082K,24.878431,121.038489,24.87667,121.0467,851.1335040036846
CAD040,國一S088K,24.8462,121.013191,24.84444,121.0214,851.1216744923861
CAD050,國一N094K,24.799541,121.000695,24.79778,121.0089,851.0580019626759
CAD060,國一S098K,24.762369,120.982894,24.76056,120.9911,852.6412320841199
CAL020,國一S262K,23.51409,120.394928,23.512333,120.403038,849.680578919615
CAL030,國一N268K,23.46259,120.367726,23.460833,120.375833,849.6971674125615
CAL040,國一N273K,23.418417,120.346896,23.416666,120.355,849.5151319054286
CAN010,國一N288K,23.307846,120.281937,23.30609,120.290033,849.5187785856122
CAN020,國一S306K,23.154587,120.222474,23.152831,120.230558,849.2491249465228
CAN040,國一N323K,23.01355,120.241377,23.011789,120.249453,849.4245867225703
CAP010,國一S342K,22.847321,120.286935,22.845555,120.295,849.4438309948522
CAP020,國一S346K,22.81399,120.306103,22.812222,120.314166,849.4927663731551
CAP030,國一N351K,22.767602,120.320828,22.765833,120.328888,849.4928047728121
CAP040,國一N361K,22.682326,120.320557,22.680555,120.328611,849.4467711552496
CAL050,國三N279K,23.597872,120.515216,23.596111,120.523333,849.9642610633435
CAL070,國三N295K,23.470361,120.491261,23.468598,120.499369,849.9027084441684
CAM900,國三S290K,23.505867,120.482631,23.504106,120.490742,849.9324336698204
CAV270,國一S336K,22.89593,120.263097,22.894167,120.271178,850.6738198842422
CAN150,國一N315K,23.08526,120.24383,23.0835,120.251897,848.0749691188659
CAV280,國三S378K,22.82773,120.407455,22.825958,120.415519,849.6144003941988
CAL080,國三N303K,23.413742,120.444389,23.411969,120.452447,845.5424611793399
CAN060,國三S311K,23.34815,120.430789,23.346388,120.438888,849.7264085126302
CAN070,國三S329K,23.214538,120.347743,23.212777,120.355833,849.6134793425463
CAN080,國三N336K,23.156484,120.336914,23.154722,120.345,849.5903609396644
CAN090,國三S342K,23.108456,120.319446,23.106694,120.327528,849.4803937619341
CAN100,國三S366K,22.909476,120.343284,22.9077,120.3513,844.4533028688793
CAP060,國三S385K,22.769552,120.436379,22.767777,120.444444,850.1347107129641
CAQ020,國三S415K,22.569782,120.519952,22.568,120.528,849.7901842138236
CAQ010,國三N425K,22.482061,120.523624,22.480277,120.531666,849.7530050596952
CAJ040,西濱S241K,23.625171,120.164529,23.623426,120.172646,849.3884180589544
CAL100,西濱S267K,23.417568,120.15477,23.41613,120.162872,842.0238129586415
CAC050,西濱S023K,25.118258,121.26728,25.11649,121.27551,851.6028481616858
CAC060,西濱S032K,25.09373,121.184277,25.091966,121.192505,851.4660299499778
CAD100,西濱N066K,24.897357,120.956688,24.8956,120.9649,851.00591261274
CAD110,西濱S082K,24.753481,120.896827,24.751724,120.905028,850.8617864649398
CAE100,西濱N107K,24.597551,120.731211,24.5958,120.7394,850.5363114092683
CAE110,西濱S129K,24.44895,120.634622,24.4472,120.6428,850.3811208702967
CAF100,西濱N151K,24.277713,120.539516,24.275964,120.547681,850.1642731169992
CAG070,西濱S173K,24.109847,120.426423,24.1081,120.434576,849.988952848432
CAG080,西濱S189K,23.989603,120.361463,23.987857,120.369607,849.828234960066
CAG090,西濱N210K,23.845282,120.285103,23.843536,120.293236,849.6393616940594
CAJ030,西濱N222K,23.73948,120.248007,23.737734,120.256132,849.5024666154034
CAL090,西濱S257K,23.504025,120.163753,23.502278,120.171861,849.288542539383
CAN110,西濱S280K,23.30695,120.140816,23.3052,120.14891,849.1722734289775
CAN120,西濱N304K,23.10519,120.078614,23.103439,120.086694,849.0195512231404
